Name,Address,Area,Phone,Email,Website,Instagram,Notes
Amethyst Cafe (Wild Garden),Sundar Mahal / Whites Road Jeypore Colony Gopalapuram Chennai - 600086,Gopalapuram,+91 44 4599 1633,,amethystchennai.com,@amethystchennai,"Premium garden cafe, hosts art/cultural events, boutique space. HIGH PRIORITY"
Writer's Cafe (Higginbothams),"#127, Peters Road, Gopalapuram, Chennai - 600086",Gopalapuram,,thewritersroomchennai@gmail.com,thewritersroomchennai.in,@writerscafein,"Literary theme, vintage decor, social cause focus. Perfect for creative workshops"
Spaces / Synck,"No. 1, Elliots Beach Road, Besant Nagar, Chennai - 600090",Besant Nagar,+91 94237 26489,spacesmandapakalari@gmail.com,spacesmandapakalari.com,@synckchennai,"Iconic cultural venue by Besant Nagar beach, hosts theatre, art, community events. HIGH PRIORITY"
Ciclo Cafe,"33/47, Gandhi Mandapam Road, Chitra Nagar, Kotturpuram, Chennai - 600085",Kotturpuram,+91 44 4204 8666,,,@ciclocafe,"Cycling theme, 4 outlets, community-focused, spacious for events"
The Brew Room,"The Savera Hotel, 146, Dr. Radhakrishnan Road (RK Salai), Mylapore, Chennai - 600004",Mylapore,+91 44 2811 4700,brewroom@saverahotel.com,saverahotel.com,@thebrewroomchennai,"10+ years, coffee culture hub, garden seating, hosts events regularly"
Chamiers Cafe,"106, Chamiers Road, Opposite Adyar Park Gate, Raja Annamalai Puram, Chennai - 600028",RA Puram,+91 44 4203 0734,,chamierscafe.com,@chamierscafe,"Vintage British aesthetic, upscale clientele, good for small group workshops"
Mellow Garden Cafe,Nungambakkam Chennai - 600034,Nungambakkam,,,,,@mellowthebistro,"Botanical decor, lush open-air garden seating, tranquil ambiance, good for creative workshops"
Kipling Cafe,"16, L Jey Avenue, East Coast Road, Akkarai, Panaiyur, Chennai - 600119",ECR / Akkarai,+91 73052 20330,pramodmishra.fp@hotmail.com,,@kiplingcafe,"Outdoor dining, beachside setting, popular for events, scenic location"
Shiraz Art Cafe,"Blue Beach Road, Neelangarai, Chennai - 600041",ECR / Neelangarai,+91 98405 72126,,,@shirazcafe,"Art-focused Persian cafe, open-air seating, creative community, workshop-friendly"
The Board Game Lounge,"1st Floor, Sreela Terrace, No. 105, 1st Main Road, Gandhi Nagar, Adyar, Chennai - 600020",Adyar,+91 80729 06499,,,@the.boardgame.lounge,"Gaming + cafe, hosts events, creative crowd. Entry ₹300/person"
Azzuri Bay,"13, 1st Crescent Road, Gandhi Nagar, Adyar, Chennai - 600020",Adyar,+91 44 4211 5253,,,@azzuribay,"Rooftop setting, Italian cuisine, good for private group dining and workshops"
Tryst Cafe,"4/359, Gatsby Village, East Coast Road, Neelankarai, Chennai - 600041",ECR / Neelankarai,,,trystcafe.com,@trystcafe,"Beachside cafe, indoor & outdoor seating, cozy aesthetic interiors, good for group events"
That Madras Place / Osteria,"34/29, 2nd Main Road, Kasturibai Nagar, Adyar, Chennai - 600020",Adyar,,,,,@osteriabytmp,"Cozy European-style cafe, eclectic decor, vibrant Chennai spirit, good for creative workshops"
Backyard (The Backyard Clan),"53/23, 3rd Main Road, Gandhi Nagar, Adyar, Chennai - 600020",Adyar,+91 73584 58117,thebackyardclan@gmail.com,thebackyardclan.com,@backyardchennai,"Anti-cafe and co-ideation hub, dedicated workshop/event floor (₹1500/hr). HIGHLY COMPATIBLE"
Madras Square,"2/520, Sundeep Avenue, Sakthimoorthiamman Nagar, Neelankarai, Chennai - 600041",ECR / Neelankarai,,info@madrassquare.com,madrassquare.com,,"Indoor and outdoor event spaces, flexible meeting rooms, beachside setting"
Surf Turf Cafe,"Plot No. 10, Pearl Beach, Ansari Nagar, Kovalam, Chennai - 603112",ECR / Kovalam,,,surfturf.in,,"Oceanfront cafe, hosts events and festivals, good for outdoor creative workshops"
Batlivala & Khanabhoy,"40, Maharaja Surya Road, Venus Colony, Alwarpet, Chennai - 600018",Alwarpet,+91 82205 55448,,,,,"Parsi restaurant, hosts pop-up events, unique cultural setting"
The Board Room Cafe,"30, 4th Avenue, AG Block, River View Colony, Anna Nagar, Chennai - 600040 | 3, Bheemasena Garden Street, Mylapore, Chennai - 600004",Anna Nagar / Mylapore,"Anna Nagar: +91 89259 10400 | Mylapore: +91 93610 51942",,theboardroomindia.com,,"Two locations, hosts events and overnight gaming sessions, community vibe"
Gameistry,"2nd Floor, SCM Jamaldeen Chambers, Red Cross Road, Egmore, Chennai - 600008",Egmore,+91 96136 96137,,gameistry.in,,"1300+ board games, hosts birthday parties and club sessions, good for group workshops"
Gamesync,"3rd Floor, Natesh Apartment, 100 Feet Road, Venkateswara Nagar, Velachery, Chennai - 600042",Velachery,+91 81110 48454,,,,,"Cozy board game cafe, community meetup space, good for small group workshops"
GameOn Cafe,"17, Radha Krishnan Street, Parthasarathi Puram, T Nagar, Chennai - 600017",T Nagar,+91 78458 83738,,,,,"Board game and beverage cafe, community vibe, good for group workshops"
Untangle – House of Puzzles,"No. 2, Ground Floor, KB Dasan Road, Opposite HDFC Bank, Teynampet, Chennai - 600018",Teynampet,+91 98406 73880,,,,,"1200+ puzzles and 400+ board games, family-friendly, good for craft workshops"
IDAM – The Art and Cultural Space,"7, Viswanathapuram 2nd Street, Kodambakkam, Chennai - 600024",Kodambakkam,,,idamthespace.com,,"Intimate art and cultural space, hosts workshops, performances, yoga and art classes. HIGHLY COMPATIBLE"
Alliance Française de Madras,"24, College Road, Nungambakkam, Chennai - 600006",Nungambakkam,+91 44 4218 0600,,madras.afindia.org,,"Hosts art and craft workshops, exhibitions, performances, rents venue for events"
Wandering Artist,"51, 6th Main Road, Govindaswamy Nagar, Raja Annamalai Puram, Chennai - 600028",RA Puram,,,,,,"Non-elitist arts and culture hub, co-working + cafe, has hosted weaving and craft workshops. HIGHLY COMPATIBLE"
GeeGee Pavilion,Chennai (address on website),Chennai,,,geegeepavilion.com,,"Dedicated workshop & events space, hosts crafts, painting, photography, yoga. HIGHLY COMPATIBLE"
Ashvita Bistro,"19, 2nd Main Road, Raja Annamalai Puram, Chennai - 600028",RA Puram,+91 44 4210 9990,,,@ashvitabistro,"Art-forward bistro, rotating art exhibitions, hosts pop-up events, community-oriented"
Sandy's Chocolate Laboratory,"17A/10, 6th Main Road, RA Puram, Chennai - 600028",RA Puram,,,,,,"Cozy dessert cafe, minimalist decor, suitable for small intimate workshops"
Lloyds Tea House,"179, Lloyds Road, Gopalapuram, Chennai - 600086",Gopalapuram,,,,,,"Tea-specialist cafe, quiet interiors, good for small group workshops"
L'amandier,"57, 2nd Main Road, RA Puram, Chennai - 600028",RA Puram,+91 44 3085 3590,,,,,"Upscale French-style restaurant, sophisticated decor, suitable for professional workshops"
Lazy Leopard,"241, Peters Road, Gopalapuram, Chennai - 600086",Gopalapuram,"(+91 91767 32323 / +91 91768 32323)",,lazyleopard.in,,"Neapolitan pizzeria, indoor & outdoor seating (50 capacity), good for group events"
The English Tearoom,"17, Kasturi Ranga Road, Alwarpet, Chennai - 600018",Alwarpet,,,,,,"Art gallery cafe, rustic charm, quiet environment, good for literary and creative workshops"
Cafe Mercara Express,"ITC Grand Chola, 63, Mount Road, Guindy, Chennai - 600032",Guindy / Mount Road,+91 1800 419 6444,mercara.grandchola@itchotels.in,itchotels.com,@itchotels,"Premium hotel cafe, 24-hour, good for professional workshops and corporate events"
House #22 Cafe,"1/38, North Parade Road, Near Kathipara Junction, St. Thomas Mount, Chennai - 600016",St. Thomas Mount,,,,,,"Colonial mansion setting, fusion cuisine, unique heritage ambiance for workshops"
The 90's Cafe,"AB 137, 4th Avenue, Shanti Colony, Anna Nagar East, Chennai - 600102",Anna Nagar,,,,,,"Nostalgic 90s theme, small intimate space, good for casual creative workshops"
Coffee? Since 1999,Nungambakkam Chennai - 600034,Nungambakkam,,,,,,"Spacious layout, hosts cultural events & open mic nights, good for community workshops"
Amelie's,"6, Seshadri Street, Venus Colony, Alwarpet, Chennai - 600018",Alwarpet,,,,,,"Colorful dessert cafe, lively ambiance, good for small group workshops"
Fromage,"94, Sathyadev Avenue, Somerset Greenways, MRC Nagar, Chennai - 600028",MRC Nagar / RA Puram,,,,,,"Unique cheese-themed restaurant, quirky decor, good for themed workshop events"
The Bark,"Dutch Village, Alwarpet, Chennai - 600018",Alwarpet,,,,,,"Pet-friendly cafe, outdoor backyard space, relaxed vibe, good for casual creative workshops"
Pantry D'or,"21/11, 6th Avenue, Anna Nagar East, Chennai - 600102",Anna Nagar,+91 87542 09897,,,,,"Calm interiors, Italian cuisine, good for small group meetups and workshops"
Gusto Cafe,"Jaganathan Road, Nungambakkam, Chennai - 600034",Nungambakkam,,,,,,"Arabian-themed cafe with themed rooms, unique decor, good for group events"
Cafe de Paris,"24, Cenotaph Road, Teynampet, Chennai - 600018",Teynampet,+91 98848 15553,,,,,"Indoor & outdoor seating, French-themed, good ambiance for small workshops"
Cafe Arabica,Anna Nagar East Chennai - 600102,Anna Nagar,,,,@cafearabica,"Coffee specialist, warm ambiance, community-oriented, good for small group workshops"
Madro Cafe,Anna Nagar Chennai - 600040,Anna Nagar,,,,,,"Quirky decor, international menu, good for casual creative workshops"
1By2 Cafe,Velachery Chennai - 600042,Velachery,,,,@1by2cafe,"Spacious modern interior, free WiFi, work-friendly, good for group meetups"
Crisp Cafe,"Sterling Road, Nungambakkam, Chennai - 600034",Nungambakkam,,,,,,"European dishes, all-day breakfast, calm setting, good for small group workshops"
Cafe Central,T. Nagar Chennai - 600017,T Nagar,,,,,,"Board games, books, community vibe, good for casual creative workshops"
Urban Desi House,Thuraipakkam Chennai - 600097,Thuraipakkam / OMR,,,,,,"Rooftop seating, quirky decor, good for group events and workshops"
D Cafe,T. Nagar Chennai - 600017,T Nagar,,,,,,"Garden cafe, Italian/Mexican/Oriental cuisine, rents studio space, good for group workshops"
Latitude – By The Park,Nungambakkam Chennai - 600034,Nungambakkam,,,,,,"Casual dining cafe, relaxed ambiance, good for small group workshops"
Madras Coffee House (Alwarpet),"No. 18, Cenotaph Road, Alwarpet, Chennai - 600018",Alwarpet,,,madrascoffeehouse.com,@madrascoffeehouse,"South Indian filter coffee cafe, warm community vibe, good for casual meetups"
Madras Coffee House (T Nagar),"42, Bazullah Road, T. Nagar, Chennai - 600017",T Nagar,,,madrascoffeehouse.com,@madrascoffeehouse,"South Indian filter coffee cafe, community vibe, good for casual meetups"
Chennai 90,"28, 2nd Avenue, Besant Nagar, Chennai - 600090",Besant Nagar,+91 44 3301 1427,,,@chennai90cafe,"Popular Besant Nagar spot, good for casual meetups"
Little Italy,Besant Nagar Chennai - 600090,Besant Nagar,,,,@littleitalychennai,"Italian cuisine, cozy ambiance, good for small events"
Jonah's Bistro,Besant Nagar Chennai - 600090,Besant Nagar,,,,@jonahsbistro,"Bistro style, good for small events"
The Cascade,Besant Nagar Chennai - 600090,Besant Nagar,,,,@thecascadechennai,"Multi-cuisine, event space"
SVASA,Besant Nagar Chennai - 600090,Besant Nagar,,,,@svasachennai,"Wellness-focused cafe, health-conscious crowd"
Rain Forest Restaurant,"41 & 42, Gandhi Nagar, 1st Main Road, Adyar, Chennai - 600020",Adyar,+91 44 42187222,,,@rainforestchennai,"Themed restaurant, unique ambiance, good for events"
Crimson Chakra,"13, Gandhi Nagar, Adyar, Chennai - 600020",Adyar,,,,@crimsonchakra,"Modern cafe, good for meetings and small workshops"
Mad Bean Cafe And Roastery,"3, Leith Castle Centre Street, Santhome, Chennai - 600028",Santhome / Mylapore,+91 44 24953050,,,@madbeancafe,"Specialty coffee roastery, artisan crowd, good for small workshops"
CoffeTea,"7-9, A.K 231, 10th Main Road, 4th Avenue, Anna Nagar, Chennai - 600040",Anna Nagar,,info@coffetea.in,,@coffeteachennai,"Modern, youth-focused, affordable, good for casual workshops"
The Whole Veg,Anna Nagar Chennai - 600040,Anna Nagar,,,,@thewholeveg,"Vegetarian, calm interiors, WiFi, good for focused workshops"
Fuel Workspaces Cafe,Anna Nagar Chennai - 600040,Anna Nagar,,,,@fuelworkspaces,"Coworking + cafe, entrepreneur-friendly, good for weekday workshops"
Episodes Cafe,Chennai,,,,episodescafe.in,@episodescafe,"Private mini theater + cafe, unique concept, good for special events"
Preloved Books Library Cafe,Ashok Nagar Chennai - 600083,Ashok Nagar,,,,@prelovedbooks,"Book library + cafe, creative community, good for craft workshops"
Connemara Public Library Cafe,Egmore Chennai - 600008,Egmore,044 28524765,,,,,"Heritage library with cafe area, cultural crowd"
British Council Library Cafe,Chennai,,,,,,@britishcouncil,"Library + cafe, hosts cultural events, good for creative workshops"
Executive Zone,"766, Anna Salai, Thousand Lights, Chennai - 600006",Thousand Lights,,connect@executivezone.in,,@executivezone,"24/7 coworking + cafe, good for weekday evening workshops"
The Hive,City Centre Chennai,Central Chennai,,,,@thehivechennai,"Startup-friendly coworking cafe, good for community workshops"
Sortd Cafe,Multiple locations Chennai,Various,,,,@sortdcafe,"Food + work + events, good for workshops"
Easwari Lending Library Cafe,"292, Avvai Shanmugam Salai, Gopalapuram, Chennai - 600086",Gopalapuram,,,,@easwarilibrary,"Library + cafe, book delivery, creative community"
The Viridian Plate,Thiruvanmiyur Chennai - 600041,Thiruvanmiyur,,,,@theviridianplate,"Vegan restaurant, peaceful atmosphere, good for wellness-focused workshops"
Hub at ECR,"2/222, East Coast Road, Vettuvankeni, Chennai - 600115",ECR,+91 89395 35667,,,@hubatecr,"Pizza + cafe, beach proximity, good for casual events"
The French Loaf,"103, Anna Salai, Little Mount, Chennai - 600015 (multiple locations)",Saidapet / Multiple,044 30853936,,,@thefrenchloaf,"Bakery cafe chain, reliable, good for casual meetups"
Copper Kitchen,"6, 133, Arcot Road, Kodambakkam, Chennai - 600024",Kodambakkam,,,,@copperkitchen,"Modern cafe, good for small group workshops"
Dot Cowork Cafe,"Perungudi / Tharamani / Alwarpet / Pattabiram, Chennai",Multiple,,,,@dotcoworking,"Multiple locations, coworking + cafe, good for weekday workshops"
Eden Vegetarian,Besant Nagar Chennai - 600090,Besant Nagar,,,,@edenveg,"Vegetarian cafe, health-conscious crowd, good for wellness-themed workshops"
Velankanni Church Kiosk Cafe,Opposite Velankanni Church Besant Nagar Chennai - 600090,Besant Nagar,,,,@specialtycoffeechennai,"Specialty coffee kiosk, unique location, small intimate setting"
Ratna Cafe (Triplicane),"255, Triplicane High Road, Chennai - 600005",Triplicane,+91 44 28487181,,,@ratnacafe,"Iconic South Indian cafe, decades old, traditional crowd"
Ratna Cafe (Adyar / T Nagar),Adyar & T Nagar Chennai,Adyar / T Nagar,,,,@ratnacafe,"Traditional South Indian, multiple locations, decades old"
Higginbotham's Cafe,T Nagar Chennai - 600017,T Nagar,,,,@higginbothams,"Bookstore cafe, literary crowd, good for creative workshops"
Cafe Coffee Day (RK Salai),"118, Edward Elliots Road, RK Salai, Chennai - 600004",Mylapore / RK Salai,+91 93607 52011,,,@cafecoffeeday,"Chain cafe, reliable, multiple locations citywide"
Orchard,"144, Thiruvika High Road, Luz Corner, Mylapore, Chennai - 600004",Mylapore / Luz,044 24670673,,,,,"Quick bites, casual dining, good for informal meetups"
Levista Cafe (Mylapore),Mylapore Chennai - 600004,Mylapore,,,,@levistacafe,"Coffee specialist, good for small group meetups"
Levista Cafe (Triplicane),Triplicane Chennai - 600005,Triplicane,,,,@levistacafe,"Coffee lovers haven, good for casual meetups"
Awfis Rajkamal Pinnacle Cafe,Nungambakkam High Road Chennai - 600034,Nungambakkam,,,,@awfis,"Coworking space cafe, professional crowd, good for weekday workshops"
Seashell,Anna Nagar Chennai - 600040,Anna Nagar,,,,@seashellchennai,"Multi-cuisine, spacious, good for group events"
Junior Kuppanna,Anna Nagar Chennai - 600040,Anna Nagar,,,,@juniorkuppanna,"Chettinad cuisine, popular, good for group dining"
Hot Chips,Anna Nagar Chennai - 600040,Anna Nagar,,,,@hotchipschennai,"Casual dining, young crowd, good for informal meetups"
Creamy Inn,Anna Nagar Chennai - 600040,Anna Nagar,,,,@creamyinn,"Desserts + cafe, good for casual meetups"
Bombay Kulfi,Anna Nagar Chennai - 600040,Anna Nagar,,,,@bombaykulfi,"Dessert cafe, good for casual meetups"
VB World,Velachery Chennai - 600042,Velachery,,,,@vbworld,"Chennai's largest veg dining space, spacious, good for large group events"
Adyar Ananda Bhavan (A2B),"37, Velachery Main Road, Chennai - 600042 (multiple locations)",Velachery / Multiple,,,,@a2b_official,"South Indian chain, vegetarian, multiple locations citywide"
Fairfield Chennai OMR Kitchen,OMR Chennai - 600119,OMR,,,,@fairfieldchennai,"Hotel cafe, Indian + global cuisine, good for professional workshops"
Hot Kitchen ECR,"78 & 79, East Coast Road, Injambakkam, Chennai - 600115",ECR / Injambakkam,,,,@hotkitchenecr,"Catering + cafe, good for events"
ECR Dhaba,East Coast Road Chennai,ECR,,,,@ecrdhaba,"Dhaba-style, casual, good for informal meetups"
The Farm,Semmencherry Chennai - 600119,ECR / Semmencherry,,,,@thefarme cr,"Organic farm cafe, rustic experience, good for nature-themed workshops"
Orchid Resorts ECR Cafe,East Coast Road Chennai,ECR,,,,@orchidresortsecr,"Resort cafe, events possible, good for outdoor workshops"
Popcorn Hub,Thiruvanmiyur Beach Road Chennai - 600041,Thiruvanmiyur,,,,@popcornhub,"Beach food vendor, casual, good for informal pop-ups"
Meat And Eat,"856, Rasim Towers, Anna Salai, Saidapet, Chennai - 600015",Saidapet,+91 44 42108091,,,@meatandeat,"Casual dining, good for informal meetups"
Awfis Prestige Cosmopolitan,Saidapet Chennai - 600015,Saidapet,,,,@awfis,"Coworking cafe, good for weekday workshops"
Cafe Green,Egmore Chennai - 600008,Egmore,,,,@cafegreen,"40+ years old, veg + non-veg, good for casual meetups"
Vestin Park Hotel Cafe,Egmore Chennai - 600008,Egmore,+91 44 66077226,,,@vestinpark,"Hotel cafe, good for professional meetups"
Nithya Amirtham,"58, Taylors Road, Kilpauk, Chennai - 600010",Kilpauk,,,,@nithyaamirtham,"Sweets + snacks + cafe, good for casual meetups"
Rameshwaram Cafe,Multiple locations Chennai,Multiple,,,,@rameshwaramcafe,"Expanding South Indian specialty chain, good for casual meetups"
Chennai Darbar,Ashok Nagar Chennai - 600083,Ashok Nagar,,,,@chennaidarbar,"Restaurant + banquet, events possible"
Grace International Food Court,Ashok Nagar Chennai - 600083,Ashok Nagar,,,,@gracefoodcourt,"Multiple dining options, night spot, good for group events"
Logas Coworking,Anna Salai Chennai - 600002,Anna Salai,,,,@logascoworking,"Premium workspace + cafe, good for professional workshops"
C-Salt (Sheraton Grande),Beachside Chennai,Beachside,,,,@sheratonchennai,"Luxury beachside F&B, progressive South Indian cuisine, Bay of Bengal views"
Pelican Deck (Sheraton Grande),Sheraton Grande Chennai,Beachside,,,,@sheratonchennai,"Outdoor dining, Bay of Bengal views, good for special events"
The Kitchen (Raintree Hotel),The Raintree Hotel Teynampet Chennai - 600018,Teynampet,,,,@theraintreehotel,"Buffet + a la carte, hotel restaurant, good for group dining"
Bay View,Chennai,,,,,,@bayviewchennai,"Romantic setting, events possible"
Sunset Grill,Chennai,,,,,,@sunsetgrillchennai,"Outdoor dining, good for evening events"
Starbucks,Multiple malls & locations Chennai,Multiple,,,,@starbucksindia,"International chain, consistent, multiple locations"
Chaayos,Multiple locations Chennai,Multiple,,,,@chaayos,"Chai + snacks specialist, multiple locations, good for casual meetups"
Sangeetha Veg,Multiple locations Chennai,Multiple,044-24935879,,,@sangeetha veg,"Vegetarian chain, multiple locations citywide"
Saravana Bhavan,Multiple locations Chennai,Multiple,,,,@saravanabhavan,"Famous South Indian chain, multiple locations citywide"
Vasantha Bhavan,Multiple locations Chennai,Multiple,,,,@vasanthabhavan,"South Indian chain, multiple locations citywide"
Aeseo,Chennai,,,,,,@aeseochennai,"Korean cuisine, authentic, good for themed events"
India Brew House,Chennai,,,,,,@indiabrewhouse,"Craft beer + cafe, good for evening events"
Anna Library Cafe,Kotturpuram Chennai - 600085,Kotturpuram,,,,,"Library with cafe area, quiet, good for small workshops"
Sri Ramakrishna Math Library Cafe,Chennai,,,,,,@chennaimath,"Spiritual + library + cafe, peaceful setting"
Kai Murruku Cafe,Mylapore Chennai - 600004,Mylapore,,,,@kaimurruku,"Traditional snacks + cafe, cultural crowd, good for themed workshops"
Mylapore Kitchens,Mylapore Chennai - 600004,Mylapore,+91 89390 70211,,,@mylaporekitchens,"Traditional food + cafe, cultural crowd, good for themed workshops"
Anna Nagar Fifth Avenue Food Street,5th Avenue Anna Nagar Chennai - 600040,Anna Nagar,,,,@annanagar foodstreet,"Dessert street, evening vendors, good for pop-up stalls"
Velachery Bypass Food Street,Velachery Bypass Road Chennai - 600042,Velachery,,,,@velacheryfood,"Night eateries, 7pm onwards, good for evening pop-ups"
Thiruvanmiyur Beach Food Street,Thiruvanmiyur Beach Road Chennai - 600041,Thiruvanmiyur,,,,@thiruvanmiyurfood,"Beach road vendors, 5:30pm onwards, good for outdoor pop-ups"
OMR Food Street Navalur,Navalur OMR Chennai - 600130,OMR / Navalur,,,,@omrfoodstreet,"Multiple restaurants, evening buzz, good for pop-up events"
Dakshin,Hotel Chennai,,,,,,@dakshinrestaurant,"Authentic South Indian fine dining, upscale, good for special events"
Southern Spice,Hotel Chennai,,,,,,@southernspice,"Fine dining with cafe area, good for upscale events"
Rayar's Mess,Chennai,,,,,,@rayarsmess,"Historic traditional mess, cultural crowd"
Thiruchy Sethuraman Mess,Velachery Chennai - 600042,Velachery,,,,@sethuramanmess,"Kongu Nadu style, traditional, good for cultural events"
Sree Akshayam,Anna Nagar Chennai - 600040,Anna Nagar,,,,@sreeakshayam,"Family-friendly, affordable, good for casual meetups"
Akshayam,Multiple locations Chennai,Multiple,,,,@akshayam,"South Indian chain, multiple locations"
Karthik Tiffin Centre,Anna Nagar Chennai - 600040,Anna Nagar,,,,@karthiktiffin,"Famous tiffin center, traditional crowd"
